theta,LP,UP
0.0,1885.98266584014,2003.1985338146312
0.15,1894.3548420025452,2007.9785583684422
0.3,1910.8520980756066,2026.5384482017735
0.44999999999999996,1924.8163135001591,2042.0906024998499
0.6,1938.8561741556057,2095.9045694438137
0.75,1946.648210931863,2173.5369515427606
0.8999999999999999,1954.495525561517,2248.8820277410023
